,Column1,Column2,Levenshtein,SeqMatcher,Jaro,Jaro-Winkler
0,apple,appl,0.8888888888888888,0.8888888888888888,0.9333333333333332,0.96
1,banana,bananna,0.9230769230769231,0.9230769230769231,0.9523809523809524,0.9714285714285714
2,cherry,cheri,0.7272727272727273,0.7272727272727273,0.8222222222222223,0.8933333333333334
3,date,dat,0.8571428571428572,0.8571428571428571,0.9166666666666666,0.9416666666666667
4,elderberry,elderberry,1.0,1.0,1.0,1.0
5,not the same,different,0.19047619047619047,0.19047619047619047,0.4166666666666667,0.4166666666666667
